<?xml version="1.0" encoding="utf-8" standalone="yes" ?>
<rss version="2.0" xmlns:atom="http://www.w3.org/2005/Atom">
  <channel>
    <title>tag-2 on Technology blog by xiexiaojun</title>
    <link>http://localhost:1313/tags/tag-2/</link>
    <description>Recent content in tag-2 on Technology blog by xiexiaojun</description>
    <generator>Hugo -- gohugo.io</generator>
    <language>zh-cn</language>
    <lastBuildDate>Thu, 31 Aug 2017 15:43:48 +0800</lastBuildDate>
    
	<atom:link href="http://localhost:1313/tags/tag-2/index.xml" rel="self" type="application/rss+xml" />
    
    
    <item>
      <title>English Creating a New Theme</title>
      <link>http://localhost:1313/post/english-preview/</link>
      <pubDate>Thu, 31 Aug 2017 15:43:48 +0800</pubDate>
      
      <guid>http://localhost:1313/post/english-preview/</guid>
      <description>&lt;h2 id=&#34;introduction&#34;&gt;Introduction&lt;/h2&gt;

&lt;p&gt;This tutorial will show you how to create a simple theme in Hugo. I assume that you are familiar with HTML, the bash command line, and that you are comfortable using Markdown to format content. I&amp;rsquo;ll explain how Hugo uses templates and how you can organize your templates to create a theme. I won&amp;rsquo;t cover using CSS to style your theme.&lt;/p&gt;</description>
    </item>
    
  </channel>
</rss>