<?xml version="1.0" encoding="utf-8" standalone="yes" ?>
<rss version="2.0" xmlns:atom="http://www.w3.org/2005/Atom">
  <channel>
    <title>工具 on Technology blog by xiexiaojun</title>
    <link>https://xxjwxc.github.io/tags/%E5%B7%A5%E5%85%B7/</link>
    <description>Recent content in 工具 on Technology blog by xiexiaojun</description>
    <generator>Hugo -- gohugo.io</generator>
    <language>zh-cn</language>
    <lastBuildDate>Sat, 22 Jun 2019 21:01:00 +0800</lastBuildDate>
    
	<atom:link href="https://xxjwxc.github.io/tags/%E5%B7%A5%E5%85%B7/index.xml" rel="self" type="application/rss+xml" />
    
    
    <item>
      <title>go gin 参数自动绑定工具</title>
      <link>https://xxjwxc.github.io/post/ginrpc/</link>
      <pubDate>Sat, 22 Jun 2019 21:01:00 +0800</pubDate>
      
      <guid>https://xxjwxc.github.io/post/ginrpc/</guid>
      <description>golang gin 参数自动绑定工具 基于 go-gin 的 json restful 风格的golang基础库 自带请求参数过滤及绑定实现 代码注册简单且支持多种注册方式 1、 目录结构说明 ginrpc/base/common.go 基础库 ginrpc/base/api/context.go 自</description>
    </item>
    
    <item>
      <title>golang内存泄露分析</title>
      <link>https://xxjwxc.github.io/post/pprof/</link>
      <pubDate>Fri, 07 Jun 2019 03:01:23 +0800</pubDate>
      
      <guid>https://xxjwxc.github.io/post/pprof/</guid>
      <description>golang内存泄露工具检查 安装工具 brew install graphviz （生成图片时候要用到dot） 使用pprof工具实现 简单使用场景 1 2 3 4 5 6 7 8 9 10 11 12 13 14 15 16 17 18</description>
    </item>
    
    <item>
      <title>gorm mysql数据库转换工具</title>
      <link>https://xxjwxc.github.io/post/gormtools/</link>
      <pubDate>Sat, 01 Jun 2019 14:01:23 +0800</pubDate>
      
      <guid>https://xxjwxc.github.io/post/gormtools/</guid>
      <description>gorm-tools gorm mysql数据库转 struct 工具,可以将mysql数据库自动生成golang sturct结构，带大驼峰命名规则。带json标签 1. 通过当前目录co</description>
    </item>
    
  </channel>
</rss>