<?xml version="1.0" encoding="utf-8" standalone="yes" ?>
<rss version="2.0" xmlns:atom="http://www.w3.org/2005/Atom">
  <channel>
    <title>转换 on Technology blog by xiexiaojun</title>
    <link>https://xxjwxc.github.io/tags/%E8%BD%AC%E6%8D%A2/</link>
    <description>Recent content in 转换 on Technology blog by xiexiaojun</description>
    <generator>Hugo -- gohugo.io</generator>
    <language>zh-cn</language>
    <lastBuildDate>Sat, 18 May 2019 16:01:23 +0800</lastBuildDate>
    
	<atom:link href="https://xxjwxc.github.io/tags/%E8%BD%AC%E6%8D%A2/index.xml" rel="self" type="application/rss+xml" />
    
    
    <item>
      <title>大驼峰转换工具</title>
      <link>https://xxjwxc.github.io/post/bigcamel/</link>
      <pubDate>Sat, 18 May 2019 16:01:23 +0800</pubDate>
      
      <guid>https://xxjwxc.github.io/post/bigcamel/</guid>
      <description>git 命令 大驼峰转换工具 法则 基本满足大驼峰命名法则 首字母大写 “_” 忽略后大写 大驼峰到网络标准json串自动转换 带有特殊字符特殊处理：如下 1 &amp;#34;ACL&amp;#34;, &amp;#34;API&amp;#34;, &amp;#34;ASCII&amp;#34;,</description>
    </item>
    
  </channel>
</rss>