<?xml version="1.0" encoding="utf-8" standalone="yes" ?>
<rss version="2.0" xmlns:atom="http://www.w3.org/2005/Atom">
  <channel>
    <title>gin on Technology blog by xiexiaojun</title>
    <link>https://xxjwxc.github.io/tags/gin/</link>
    <description>Recent content in gin on Technology blog by xiexiaojun</description>
    <generator>Hugo -- gohugo.io</generator>
    <language>zh-cn</language>
    <lastBuildDate>Sat, 22 Jun 2019 21:01:00 +0800</lastBuildDate>
    
	<atom:link href="https://xxjwxc.github.io/tags/gin/index.xml" rel="self" type="application/rss+xml" />
    
    
    <item>
      <title>go gin 参数自动绑定工具</title>
      <link>https://xxjwxc.github.io/post/ginrpc/</link>
      <pubDate>Sat, 22 Jun 2019 21:01:00 +0800</pubDate>
      
      <guid>https://xxjwxc.github.io/post/ginrpc/</guid>
      <description>golang gin 参数自动绑定工具 基于 go-gin 的 json restful 风格的golang基础库 自带请求参数过滤及绑定实现 代码注册简单且支持多种注册方式 1、 目录结构说明 ginrpc/base/common.go 基础库 ginrpc/base/api/context.go 自</description>
    </item>
    
  </channel>
</rss>