<?xml version="1.0" encoding="utf-8" standalone="yes" ?>
<rss version="2.0" xmlns:atom="http://www.w3.org/2005/Atom">
  <channel>
    <title>gorm on Technology blog by xiexiaojun</title>
    <link>https://xxjwxc.github.io/tags/gorm/</link>
    <description>Recent content in gorm on Technology blog by xiexiaojun</description>
    <generator>Hugo -- gohugo.io</generator>
    <language>zh-cn</language>
    <lastBuildDate>Sat, 01 Jun 2019 14:01:23 +0800</lastBuildDate>
    
	<atom:link href="https://xxjwxc.github.io/tags/gorm/index.xml" rel="self" type="application/rss+xml" />
    
    
    <item>
      <title>gorm mysql数据库转换工具</title>
      <link>https://xxjwxc.github.io/post/gormtools/</link>
      <pubDate>Sat, 01 Jun 2019 14:01:23 +0800</pubDate>
      
      <guid>https://xxjwxc.github.io/post/gormtools/</guid>
      <description>gorm-tools gorm mysql数据库转 struct 工具,可以将mysql数据库自动生成golang sturct结构，带大驼峰命名规则。带json标签 1. 通过当前目录co</description>
    </item>
    
  </channel>
</rss>