<?xml version="1.0" encoding="utf-8" standalone="yes" ?>
<rss version="2.0" xmlns:atom="http://www.w3.org/2005/Atom">
  <channel>
    <title>Posts on Technology blog by xiexiaojun</title>
    <link>https://xie1xiao1jun.github.io/post/</link>
    <description>Recent content in Posts on Technology blog by xiexiaojun</description>
    <generator>Hugo -- gohugo.io</generator>
    <language>zh-cn</language>
    <lastBuildDate>Sat, 18 May 2019 16:01:23 +0800</lastBuildDate>
    
	<atom:link href="https://xie1xiao1jun.github.io/post/index.xml" rel="self" type="application/rss+xml" />
    
    
    <item>
      <title>大驼峰转换工具</title>
      <link>https://xie1xiao1jun.github.io/post/bigcamel/</link>
      <pubDate>Sat, 18 May 2019 16:01:23 +0800</pubDate>
      
      <guid>https://xie1xiao1jun.github.io/post/bigcamel/</guid>
      <description>git 命令 大驼峰转换工具 法则 基本满足大驼峰命名法则 首字母大写 “_” 忽略后大写 大驼峰到网络标准json串自动转换 带有特殊字符特殊处理：如下 &amp;quot;ACL&amp;quot;, &amp;quot;API&amp;quot;, &amp;quot;ASCII&amp;quot;, &amp;quot;CPU&amp;quot;,</description>
    </item>
    
    <item>
      <title>git 使用帮助文档</title>
      <link>https://xie1xiao1jun.github.io/post/githelp/</link>
      <pubDate>Wed, 01 May 2019 16:01:23 +0800</pubDate>
      
      <guid>https://xie1xiao1jun.github.io/post/githelp/</guid>
      <description>git 命令 建立一个分支 git branch &amp;lt;项目名字 feature/test&amp;gt; 然后检查分支是否创建成功 git branch （q,退出） 切换到新分支 git checkout &amp;lt;项目名字 feature/test&amp;gt; 查看当前所有的更改情况 git status</description>
    </item>
    
  </channel>
</rss>