<?xml version="1.0" encoding="utf-8" standalone="yes" ?>
<rss version="2.0" xmlns:atom="http://www.w3.org/2005/Atom">
  <channel>
    <title>Tags on Technology blog by xiexiaojun</title>
    <link>https://xie1xiao1jun.github.io/tags/</link>
    <description>Recent content in Tags on Technology blog by xiexiaojun</description>
    <generator>Hugo -- gohugo.io</generator>
    <language>zh-cn</language>
    <lastBuildDate>Sat, 18 May 2019 16:01:23 +0800</lastBuildDate>
    
	<atom:link href="https://xie1xiao1jun.github.io/tags/index.xml" rel="self" type="application/rss+xml" />
    
    
    <item>
      <title>golang</title>
      <link>https://xie1xiao1jun.github.io/tags/golang/</link>
      <pubDate>Sat, 18 May 2019 16:01:23 +0800</pubDate>
      
      <guid>https://xie1xiao1jun.github.io/tags/golang/</guid>
      <description></description>
    </item>
    
    <item>
      <title>转换</title>
      <link>https://xie1xiao1jun.github.io/tags/%E8%BD%AC%E6%8D%A2/</link>
      <pubDate>Sat, 18 May 2019 16:01:23 +0800</pubDate>
      
      <guid>https://xie1xiao1jun.github.io/tags/%E8%BD%AC%E6%8D%A2/</guid>
      <description></description>
    </item>
    
    <item>
      <title>驼峰</title>
      <link>https://xie1xiao1jun.github.io/tags/%E9%A9%BC%E5%B3%B0/</link>
      <pubDate>Sat, 18 May 2019 16:01:23 +0800</pubDate>
      
      <guid>https://xie1xiao1jun.github.io/tags/%E9%A9%BC%E5%B3%B0/</guid>
      <description></description>
    </item>
    
    <item>
      <title>git</title>
      <link>https://xie1xiao1jun.github.io/tags/git/</link>
      <pubDate>Wed, 01 May 2019 16:01:23 +0800</pubDate>
      
      <guid>https://xie1xiao1jun.github.io/tags/git/</guid>
      <description></description>
    </item>
    
    <item>
      <title>help</title>
      <link>https://xie1xiao1jun.github.io/tags/help/</link>
      <pubDate>Wed, 01 May 2019 16:01:23 +0800</pubDate>
      
      <guid>https://xie1xiao1jun.github.io/tags/help/</guid>
      <description></description>
    </item>
    
    <item>
      <title>min</title>
      <link>https://xie1xiao1jun.github.io/tags/min/</link>
      <pubDate>Wed, 01 May 2019 16:01:23 +0800</pubDate>
      
      <guid>https://xie1xiao1jun.github.io/tags/min/</guid>
      <description></description>
    </item>
    
  </channel>
</rss>