<?xml version="1.0" encoding="utf-8" standalone="yes" ?>
<rss version="2.0" xmlns:atom="http://www.w3.org/2005/Atom">
  <channel>
    <title>Categories on Technology blog by xiexiaojun</title>
    <link>https://xie1xiao1jun.github.io/categories/</link>
    <description>Recent content in Categories on Technology blog by xiexiaojun</description>
    <generator>Hugo -- gohugo.io</generator>
    <language>zh-cn</language>
    <lastBuildDate>Sat, 18 May 2019 16:01:23 +0800</lastBuildDate>
    
	<atom:link href="https://xie1xiao1jun.github.io/categories/index.xml" rel="self" type="application/rss+xml" />
    
    
    <item>
      <title>工具</title>
      <link>https://xie1xiao1jun.github.io/categories/%E5%B7%A5%E5%85%B7/</link>
      <pubDate>Sat, 18 May 2019 16:01:23 +0800</pubDate>
      
      <guid>https://xie1xiao1jun.github.io/categories/%E5%B7%A5%E5%85%B7/</guid>
      <description></description>
    </item>
    
  </channel>
</rss>